"Path","CurrentSHA256","PriorDetailedArea","PriorSHA256","UnchangedSincePriorAudit","CurrentTargetedReview","RecentImplementationVerified","Depth"
"Source/Project_J/Game/Project_JPlayerState.cpp","d0279aa3f84a99046ce4e235cdb11a9ff821d18d70b3254bdf6b509971731ae4","True","d0279aa3f84a99046ce4e235cdb11a9ff821d18d70b3254bdf6b509971731ae4","True","True","False","Current targeted lifecycle/call-chain/runtime-policy review; relevant bodies and interfaces, not a new full-line read of every file"
"Source/Project_J/Game/Project_JPlayerState.h","b98963b12f5d8d6951afb4fb86bdc82f8350618d44fd294564ebea034090ab75","True","b98963b12f5d8d6951afb4fb86bdc82f8350618d44fd294564ebea034090ab75","True","False","False","Prior detailed audit reused after SHA-256 equality check; no claim of new full-file read"
"Source/Project_JCharacter/Private/AbilitySystem/Project_JAbilitySet.cpp","761cbebdf9430e4b29087dbb44d85842c3fcfa6610736837f894c34dbbf86082","True","761cbebdf9430e4b29087dbb44d85842c3fcfa6610736837f894c34dbbf86082","True","False","False","Prior detailed audit reused after SHA-256 equality check; no claim of new full-file read"
"Source/Project_JCharacter/Private/Animation/Project_JAnimationProfileValidation.cpp","bd2ac65f52e50d8e0a00d23f2ed266735fa749c39aa6e57890ec40a5388c03f4","True","bd2ac65f52e50d8e0a00d23f2ed266735fa749c39aa6e57890ec40a5388c03f4","True","False","False","Prior detailed audit reused after SHA-256 equality check; no claim of new full-file read"
"Source/Project_JCharacter/Private/Animation/Project_JAnimNode_GuidedHandIK.cpp","c6eb4dc479a068978e7a234a77f232900f3532a1e5c375d3b136438407593bdb","False","","False","True","False","Current targeted lifecycle/call-chain/runtime-policy review; relevant bodies and interfaces, not a new full-line read of every file"
"Source/Project_JCharacter/Private/Animation/Project_JAnimNotify_SendGameplayEvent.cpp","ec8a75c3c881952689873fe2243268af8263296e58a1df641d1d8dc77339a57b","False","","False","True","False","Current targeted lifecycle/call-chain/runtime-policy review; relevant bodies and interfaces, not a new full-line read of every file"
"Source/Project_JCharacter/Private/Animation/Project_JAnimNotifyState_CombatPresentationCue.cpp","73cd897e32b0aba789aef3bfe6a0362df7a09cbed5dad413276ccb7e7307739c","False","","False","True","False","Current targeted lifecycle/call-chain/runtime-policy review; relevant bodies and interfaces, not a new full-line read of every file"
"Source/Project_JCharacter/Private/Animation/Project_JAnimNotifyState_ComboWindow.cpp","0c9a9260e4c6c3e8858f2b30cfe566aba58d81fd9c4ff76ce6b3f55b345e0f8a","False","","False","True","False","Current targeted lifecycle/call-chain/runtime-policy review; relevant bodies and interfaces, not a new full-line read of every file"
"Source/Project_JCharacter/Private/Animation/Project_JAnimNotifyState_LocomotionEarlyTransition.cpp","86dba4a457614db6db4611d038c8b3bdb52074e6ebb7eba04fec95cc39c1f9fd","False","","False","True","False","Current targeted lifecycle/call-chain/runtime-policy review; relevant bodies and interfaces, not a new full-line read of every file"
"Source/Project_JCharacter/Private/Animation/Project_JAnimNotifyState_MeleeHit.cpp","b7a294fb0c7d5560a5bedbb0f388ab2f994df3424923e5f772a9815c37ef7249","False","","False","True","True","Current targeted lifecycle/call-chain/runtime-policy review; relevant bodies and interfaces, not a new full-line read of every file"
"Source/Project_JCharacter/Private/Animation/Project_JAnimNotifyState_TwoHandIK.cpp","19206d0c3b3542014e13d67f67f86d427469851bdf7670ab0aea9411a893a779","False","","False","True","False","Current targeted lifecycle/call-chain/runtime-policy review; relevant bodies and interfaces, not a new full-line read of every file"
"Source/Project_JCharacter/Private/Animation/Project_JAnimNotifyState_WeaponGroundContact.cpp","7cb37cf8ab9f63e534bb1bf414e5afdc69648e79c6562a097d26a305854898eb","False","","False","True","False","Current targeted lifecycle/call-chain/runtime-policy review; relevant bodies and interfaces, not a new full-line read of every file"
"Source/Project_JCharacter/Private/Animation/Project_JAnimNotifyState_WeaponMotion.cpp","440866b989ec489f1dc4a9a7b35f20b2129199f90b48b988e3d0191f81463203","False","","False","True","True","Current targeted lifecycle/call-chain/runtime-policy review; relevant bodies and interfaces, not a new full-line read of every file"
"Source/Project_JCharacter/Private/Animation/Project_JBudgetedSkeletalMeshComponent.cpp","fe6200c5e459da73ac48502f3f42a858c03e7310cbd2f973f4d69a868dbc1c1f","True","fe6200c5e459da73ac48502f3f42a858c03e7310cbd2f973f4d69a868dbc1c1f","True","False","False","Prior detailed audit reused after SHA-256 equality check; no claim of new full-file read"
"Source/Project_JCharacter/Private/Animation/Project_JCharacterAnimInstance.cpp","9df6fa96d0da4badbecb7fd0baa6bbe01b9b053214427af3739640e7e835c0fd","True","9df6fa96d0da4badbecb7fd0baa6bbe01b9b053214427af3739640e7e835c0fd","True","True","False","Current targeted lifecycle/call-chain/runtime-policy review; relevant bodies and interfaces, not a new full-line read of every file"
"Source/Project_JCharacter/Private/Animation/Project_JCharacterAnimInstance.SnapshotAccessors.cpp","66617e30ce83987db5c7ce7f2a1b8ca87838db749664962928d8c7e70bf02806","True","66617e30ce83987db5c7ce7f2a1b8ca87838db749664962928d8c7e70bf02806","True","False","False","Prior detailed audit reused after SHA-256 equality check; no claim of new full-file read"
"Source/Project_JCharacter/Private/Animation/Project_JCharacterAnimInstanceBase.cpp","681f258d94a6acec614391ab847f7f901fe0b65b09e61c8ea6d7d015aa82e880","True","681f258d94a6acec614391ab847f7f901fe0b65b09e61c8ea6d7d015aa82e880","True","True","False","Current targeted lifecycle/call-chain/runtime-policy review; relevant bodies and interfaces, not a new full-line read of every file"
"Source/Project_JCharacter/Private/Animation/Project_JCharacterAnimInstanceProxy.cpp","7c0d2cd3a222bed5db1cce16ce932be9978481e63c561988ac69ade914b3db07","True","7c0d2cd3a222bed5db1cce16ce932be9978481e63c561988ac69ade914b3db07","True","True","False","Current targeted lifecycle/call-chain/runtime-policy review; relevant bodies and interfaces, not a new full-line read of every file"
"Source/Project_JCharacter/Private/Animation/Project_JCharacterAnimInstanceProxy.h","8ec8374b9f464fa8f0310171e4fca1235266966c389cb8415d980cce4c02302e","True","8ec8374b9f464fa8f0310171e4fca1235266966c389cb8415d980cce4c02302e","True","True","False","Current targeted lifecycle/call-chain/runtime-policy review; relevant bodies and interfaces, not a new full-line read of every file"
"Source/Project_JCharacter/Private/Animation/Project_JCharacterAnimProfile.cpp","5ce7acc9d92fe0dd676b75c4b0e3f63224f10d939bedd70638c531acfea5e127","True","5ce7acc9d92fe0dd676b75c4b0e3f63224f10d939bedd70638c531acfea5e127","True","False","False","Prior detailed audit reused after SHA-256 equality check; no claim of new full-file read"
"Source/Project_JCharacter/Private/Animation/Project_JCombatAnimProfile.cpp","7b8ba3784623d6bd153aae269109c7135617de47c4c83dfb226d184042ccd072","True","7b8ba3784623d6bd153aae269109c7135617de47c4c83dfb226d184042ccd072","True","False","False","Prior detailed audit reused after SHA-256 equality check; no claim of new full-file read"
"Source/Project_JCharacter/Private/Animation/Project_JHandGripProfile.cpp","2225dc48e6dac21e7215c62ca7e43dc672f481600e2db56a4943a0ea26f4e733","True","2225dc48e6dac21e7215c62ca7e43dc672f481600e2db56a4943a0ea26f4e733","True","False","False","Prior detailed audit reused after SHA-256 equality check; no claim of new full-file read"
"Source/Project_JCharacter/Private/Animation/Project_JLocomotionProfile.cpp","6e7a777fdb5aee2a5bdec0f12e5d6e0c069cf3f993228c06216461881ddbce9c","True","6e7a777fdb5aee2a5bdec0f12e5d6e0c069cf3f993228c06216461881ddbce9c","True","False","False","Prior detailed audit reused after SHA-256 equality check; no claim of new full-file read"
"Source/Project_JCharacter/Private/Animation/Project_JMotionMatchingAssetSet.cpp","d34321bd01571231514591b487bca51938bafc25111275080ab5d7cd1fdf25af","True","d34321bd01571231514591b487bca51938bafc25111275080ab5d7cd1fdf25af","True","False","False","Prior detailed audit reused after SHA-256 equality check; no claim of new full-file read"
"Source/Project_JCharacter/Private/Animation/Project_JMotionMatchingTrajectoryComponent.cpp","7f7c97774ca514aa306e70a2397fb1833f856e5f5e16185bcd874f8b4315b899","True","7f7c97774ca514aa306e70a2397fb1833f856e5f5e16185bcd874f8b4315b899","True","True","False","Current targeted lifecycle/call-chain/runtime-policy review; relevant bodies and interfaces, not a new full-line read of every file"
"Source/Project_JCharacter/Private/Animation/Project_JRetargetAnimInstance.cpp","58105886a154111dd90236319f649eeb710babd10480ad750a954989a632f53f","False","","False","True","False","Current targeted lifecycle/call-chain/runtime-policy review; relevant bodies and interfaces, not a new full-line read of every file"
"Source/Project_JCharacter/Private/Animation/Project_JTrajectoryQuery.h","5a3fbf587e1a7976afe2e6a946b06d6db64ad40f55d35e05cda5e92d8d71ef69","True","5a3fbf587e1a7976afe2e6a946b06d6db64ad40f55d35e05cda5e92d8d71ef69","True","True","False","Current targeted lifecycle/call-chain/runtime-policy review; relevant bodies and interfaces, not a new full-line read of every file"
"Source/Project_JCharacter/Private/Animation/Project_JWeaponAnimProfile.cpp","972c9d85fcab88c29e4f53cd891cd31ad9af573cdbc3f1f7d82127af8cff309d","True","972c9d85fcab88c29e4f53cd891cd31ad9af573cdbc3f1f7d82127af8cff309d","True","False","False","Prior detailed audit reused after SHA-256 equality check; no claim of new full-file read"
"Source/Project_JCharacter/Private/Camera/Project_JCameraComponent.cpp","0c7e81210617b6ab7d9317e85ceac5d95f54c830a76b15a47bd4e8c8d5f5eaaa","True","0c7e81210617b6ab7d9317e85ceac5d95f54c830a76b15a47bd4e8c8d5f5eaaa","True","True","False","Current targeted lifecycle/call-chain/runtime-policy review; relevant bodies and interfaces, not a new full-line read of every file"
"Source/Project_JCharacter/Private/CharacterClass/Project_JCharacterClassDefinition.cpp","46f25c5cc6228643c44a71c158b92f773a2fbbb2ae93a17e0818afb17f696e11","True","46f25c5cc6228643c44a71c158b92f773a2fbbb2ae93a17e0818afb17f696e11","True","False","False","Prior detailed audit reused after SHA-256 equality check; no claim of new full-file read"
"Source/Project_JCharacter/Private/CharacterClass/Project_JCharacterDataSubsystem.cpp","07edadcd3dc355f7b5da0299b3c241c594b7b8e62ba8a1b3ca11b66dc24213ec","True","07edadcd3dc355f7b5da0299b3c241c594b7b8e62ba8a1b3ca11b66dc24213ec","True","False","False","Prior detailed audit reused after SHA-256 equality check; no claim of new full-file read"
"Source/Project_JCharacter/Private/CharacterClass/Project_JProgressionComponent.cpp","5f9178f738da9a7804e310658686fd3d9ff83ce125cb8d9baa05ef51225d500e","True","5f9178f738da9a7804e310658686fd3d9ff83ce125cb8d9baa05ef51225d500e","True","True","False","Current targeted lifecycle/call-chain/runtime-policy review; relevant bodies and interfaces, not a new full-line read of every file"
"Source/Project_JCharacter/Private/Combat/Project_JAttackDefinition.cpp","fda5b82d1e404bd7db52a62bba54df79f0b8706e0e905c99fadb1accc9a25468","True","fda5b82d1e404bd7db52a62bba54df79f0b8706e0e905c99fadb1accc9a25468","True","True","False","Current targeted lifecycle/call-chain/runtime-policy review; relevant bodies and interfaces, not a new full-line read of every file"
"Source/Project_JCharacter/Private/Combat/Project_JCombatCommandSet.cpp","a8fe8244f12acf5640744e333d43df1df6f401c8a87bbbfb1902232eb355f60f","True","a8fe8244f12acf5640744e333d43df1df6f401c8a87bbbfb1902232eb355f60f","True","True","False","Current targeted lifecycle/call-chain/runtime-policy review; relevant bodies and interfaces, not a new full-line read of every file"
"Source/Project_JCharacter/Private/Combat/Project_JCombatConfiguration.cpp","e6551b9d39a9d93e8317a727b2185b237bbd27ec3dfd1a644aaca251888a86c9","True","e6551b9d39a9d93e8317a727b2185b237bbd27ec3dfd1a644aaca251888a86c9","True","True","False","Current targeted lifecycle/call-chain/runtime-policy review; relevant bodies and interfaces, not a new full-line read of every file"
"Source/Project_JCharacter/Private/Combat/Project_JCombatHitValidation.cpp","226c5c6d317e9b5a1c549f5170a5f56dd8095536fb53ab49bbb198951971ab36","True","226c5c6d317e9b5a1c549f5170a5f56dd8095536fb53ab49bbb198951971ab36","True","False","False","Prior detailed audit reused after SHA-256 equality check; no claim of new full-file read"
"Source/Project_JCharacter/Private/Combat/Project_JCombatMovementPolicy.cpp","49397e6fa05cd1ec9d402f7d1073307098f2fb6ced0ce124b9e1017803503036","True","49397e6fa05cd1ec9d402f7d1073307098f2fb6ced0ce124b9e1017803503036","True","False","False","Prior detailed audit reused after SHA-256 equality check; no claim of new full-file read"
"Source/Project_JCharacter/Private/Combat/Project_JCombatPresentationSet.cpp","b1227698c8a92ae4e943ee4b572039b3cb2a995be6777a5f927440fc76908c6a","True","b1227698c8a92ae4e943ee4b572039b3cb2a995be6777a5f927440fc76908c6a","True","False","False","Prior detailed audit reused after SHA-256 equality check; no claim of new full-file read"
"Source/Project_JCharacter/Private/Combat/Project_JCombatStyleDefinition.cpp","3ba476b5cccb4e15749c83711b235147f83deae7b4df4f9011b32549d9f556c3","True","3ba476b5cccb4e15749c83711b235147f83deae7b4df4f9011b32549d9f556c3","True","False","False","Prior detailed audit reused after SHA-256 equality check; no claim of new full-file read"
"Source/Project_JCharacter/Private/Combat/Project_JComboDefinition.cpp","a6dac8a6d4a8f314f8721bbbfc2de0be573e2c8e5d03a22396ad69d941b5130c","True","a6dac8a6d4a8f314f8721bbbfc2de0be573e2c8e5d03a22396ad69d941b5130c","True","False","False","Prior detailed audit reused after SHA-256 equality check; no claim of new full-file read"
"Source/Project_JCharacter/Private/Combat/Project_JGameplayAbility_Melee.cpp","88c26d88e97bc4c34f45837920d8d162797ef458185b4758ca6f70c5820d0a31","True","88c26d88e97bc4c34f45837920d8d162797ef458185b4758ca6f70c5820d0a31","True","True","False","Current targeted lifecycle/call-chain/runtime-policy review; relevant bodies and interfaces, not a new full-line read of every file"
"Source/Project_JCharacter/Private/Combat/Project_JGameplayEffect_CombatMode.cpp","ee4e1333e482af1d8b9a704196925f2fe68c9e25f7f965853148165af637913a","True","ee4e1333e482af1d8b9a704196925f2fe68c9e25f7f965853148165af637913a","True","False","False","Prior detailed audit reused after SHA-256 equality check; no claim of new full-file read"
"Source/Project_JCharacter/Private/Combat/Project_JServerSideRewindComponent.cpp","0f83d37ff53b4d04ed2d5309970fc1b56cf4106fa1c3f503b651af0c4c6728d2","True","0f83d37ff53b4d04ed2d5309970fc1b56cf4106fa1c3f503b651af0c4c6728d2","True","True","False","Current targeted lifecycle/call-chain/runtime-policy review; relevant bodies and interfaces, not a new full-line read of every file"
"Source/Project_JCharacter/Private/Components/Project_JAnimationUpdateCoordinatorComponent.cpp","f26e55441af672c34cffba01b4db11a6044325d166f7111577db54fb142c7e62","True","f26e55441af672c34cffba01b4db11a6044325d166f7111577db54fb142c7e62","True","True","False","Current targeted lifecycle/call-chain/runtime-policy review; relevant bodies and interfaces, not a new full-line read of every file"
"Source/Project_JCharacter/Private/Components/Project_JCombatAnimationLayerComponent.cpp","8bd8154e3071aec21cd3d92698266ae6872d10fa15135ddc68cfeff27583d44c","True","8bd8154e3071aec21cd3d92698266ae6872d10fa15135ddc68cfeff27583d44c","True","False","False","Prior detailed audit reused after SHA-256 equality check; no claim of new full-file read"
"Source/Project_JCharacter/Private/Components/Project_JCombatHitValidationComponent.cpp","4f5da620e4752fcaf1f630a221a0b5d0f6a839d7589d6074e5db8a6ba7630a2a","True","1770321435c5288a44a5842e5c6b45f7e31740b62c320ced95e315e1d4f92a3e","False","False","True","Recent R01-R14 implementation contract/diff evidence reused after source hash match"
"Source/Project_JCharacter/Private/Components/Project_JCombatIntroComponent.cpp","adac5e1fb8fdc023488768f4eecca33c7c0205b01cc5b8f1696da5ae5689e26f","True","adac5e1fb8fdc023488768f4eecca33c7c0205b01cc5b8f1696da5ae5689e26f","True","True","False","Current targeted lifecycle/call-chain/runtime-policy review; relevant bodies and interfaces, not a new full-line read of every file"
"Source/Project_JCharacter/Private/Components/Project_JCombatPresentationComponent.cpp","25e0a8dd39482a63c8aa0d39603f595f82dbf8d5c8dba56da08b559c0b6bcca7","True","25e0a8dd39482a63c8aa0d39603f595f82dbf8d5c8dba56da08b559c0b6bcca7","True","True","False","Current targeted lifecycle/call-chain/runtime-policy review; relevant bodies and interfaces, not a new full-line read of every file"
"Source/Project_JCharacter/Private/Components/Project_JCombatStateComponent.cpp","bd7fbf990767f90d67a5daf24b3f934d50c95ac04fe422e1962f77f0740f876b","True","bd7fbf990767f90d67a5daf24b3f934d50c95ac04fe422e1962f77f0740f876b","True","True","False","Current targeted lifecycle/call-chain/runtime-policy review; relevant bodies and interfaces, not a new full-line read of every file"
"Source/Project_JCharacter/Private/Components/Project_JEquipmentManagerComponent.cpp","d0ebe8bdd3b4d314d40b3750e92974b574a90b645ca2bc8d55da30350a6ca781","True","d0ebe8bdd3b4d314d40b3750e92974b574a90b645ca2bc8d55da30350a6ca781","True","True","False","Current targeted lifecycle/call-chain/runtime-policy review; relevant bodies and interfaces, not a new full-line read of every file"
"Source/Project_JCharacter/Private/Components/Project_JEquipmentRuntimeComponent.cpp","177f16567b25c1f0f0c6f6f39f2c6ab156ab037dd56a5dcf5dcef511cc477c9b","True","177f16567b25c1f0f0c6f6f39f2c6ab156ab037dd56a5dcf5dcef511cc477c9b","True","True","False","Current targeted lifecycle/call-chain/runtime-policy review; relevant bodies and interfaces, not a new full-line read of every file"
"Source/Project_JCharacter/Private/Components/Project_JInventoryComponent.cpp","b37cad9f103369cdb7e2f452f76723e0bcf5a1010c28c9343a6da00bff9a8e58","True","b37cad9f103369cdb7e2f452f76723e0bcf5a1010c28c9343a6da00bff9a8e58","True","False","False","Prior detailed audit reused after SHA-256 equality check; no claim of new full-file read"
"Source/Project_JCharacter/Private/Components/Project_JModularMeshComponent.cpp","b005c15bff0496cccf7010e5562690f3be6f3c17c2f2de50d50ce69cfd5a0ebb","True","b005c15bff0496cccf7010e5562690f3be6f3c17c2f2de50d50ce69cfd5a0ebb","True","True","False","Current targeted lifecycle/call-chain/runtime-policy review; relevant bodies and interfaces, not a new full-line read of every file"
"Source/Project_JCharacter/Private/Components/Project_JMountedAnimationLayerComponent.cpp","b4d5421f33513acb2e46edddb0a603e30ddf31d22cdd5961c509e8c77b09d5f1","True","b4d5421f33513acb2e46edddb0a603e30ddf31d22cdd5961c509e8c77b09d5f1","True","False","False","Prior detailed audit reused after SHA-256 equality check; no claim of new full-file read"
"Source/Project_JCharacter/Private/Components/Project_JPlayerInputBindingComponent.cpp","499939e3d6a62606247ce09b1bf2c516d059acfd2c302dbcf4c87314159d6aac","True","499939e3d6a62606247ce09b1bf2c516d059acfd2c302dbcf4c87314159d6aac","True","True","False","Current targeted lifecycle/call-chain/runtime-policy review; relevant bodies and interfaces, not a new full-line read of every file"
"Source/Project_JCharacter/Private/Components/Project_JReplicatedAnimEventComponent.cpp","85fed6fc39d854cc80bd51a84484b0a4c22f2c5b7e534a19ea997f05bfb0d75e","True","85fed6fc39d854cc80bd51a84484b0a4c22f2c5b7e534a19ea997f05bfb0d75e","True","True","False","Current targeted lifecycle/call-chain/runtime-policy review; relevant bodies and interfaces, not a new full-line read of every file"
"Source/Project_JCharacter/Private/Components/Project_JReplicatedJumpStateComponent.cpp","ff3befca95d699617d6c4584656e3b563cd58445e3762805a5f88c9701f8774e","True","ff3befca95d699617d6c4584656e3b563cd58445e3762805a5f88c9701f8774e","True","True","False","Current targeted lifecycle/call-chain/runtime-policy review; relevant bodies and interfaces, not a new full-line read of every file"
"Source/Project_JCharacter/Private/Components/Project_JSkillInputExecutionComponent.cpp","270d33f184b845b07e295fef50f3cf68a2f3dc81ea8c3452f16d3f2ea51221bb","True","270d33f184b845b07e295fef50f3cf68a2f3dc81ea8c3452f16d3f2ea51221bb","True","True","False","Current targeted lifecycle/call-chain/runtime-policy review; relevant bodies and interfaces, not a new full-line read of every file"
"Source/Project_JCharacter/Private/Components/Project_JSkillInputRouterComponent.cpp","4a1ddbd1f12abf74944e4b4ce5a7e1a86186ec873d5b93421a60617bfb83d17e","True","4a1ddbd1f12abf74944e4b4ce5a7e1a86186ec873d5b93421a60617bfb83d17e","True","True","False","Current targeted lifecycle/call-chain/runtime-policy review; relevant bodies and interfaces, not a new full-line read of every file"
"Source/Project_JCharacter/Private/Components/Project_JWeaponPresentationComponent.cpp","9981d5f06f7be6f36e3037190d182be163dc1457d340175e008f054b1ba057a3","True","fbd0b24457c1c1310b07e8d4f04b748f455ffadc248fe96c00e10a9131543ef5","False","True","True","Current targeted lifecycle/call-chain/runtime-policy review; relevant bodies and interfaces, not a new full-line read of every file"
"Source/Project_JCharacter/Private/Equipment/Project_JEquipmentItemDefinition.cpp","69774065b2b1c0b555d2c26b588bc3846d95dcdace85aba2ca67e1304143685c","True","69774065b2b1c0b555d2c26b588bc3846d95dcdace85aba2ca67e1304143685c","True","True","False","Current targeted lifecycle/call-chain/runtime-policy review; relevant bodies and interfaces, not a new full-line read of every file"
"Source/Project_JCharacter/Private/Equipment/Project_JWeaponPresentationProfile.cpp","9dac8540493a3a2caa4a4fb065fdb3c72e8adaa4d596e5b0994f85ff03f0d83f","True","9dac8540493a3a2caa4a4fb065fdb3c72e8adaa4d596e5b0994f85ff03f0d83f","True","False","False","Prior detailed audit reused after SHA-256 equality check; no claim of new full-file read"
"Source/Project_JCharacter/Private/Inventory/Project_JItemDefinition.cpp","12f9447f9b63d7b4cf8e26e4138d77e5c5e6c789395b0659be97d2577a1b2bbc","True","12f9447f9b63d7b4cf8e26e4138d77e5c5e6c789395b0659be97d2577a1b2bbc","True","False","False","Prior detailed audit reused after SHA-256 equality check; no claim of new full-file read"
"Source/Project_JCharacter/Private/Project_JBaseCharacter.cpp","29d58e585641b7573b269911bbe04ed11eb0b07abefa42bcd5c7d0dcc4a8db67","True","29d58e585641b7573b269911bbe04ed11eb0b07abefa42bcd5c7d0dcc4a8db67","True","True","False","Current targeted lifecycle/call-chain/runtime-policy review; relevant bodies and interfaces, not a new full-line read of every file"
"Source/Project_JCharacter/Private/Project_JDefaultAttributeSetData.cpp","58f109b002a3a0db4eb63b33a85d1f5fd1f7efc6ec0c0b3e73151caa0486fe45","True","58f109b002a3a0db4eb63b33a85d1f5fd1f7efc6ec0c0b3e73151caa0486fe45","True","False","False","Prior detailed audit reused after SHA-256 equality check; no claim of new full-file read"
"Source/Project_JCharacter/Private/Project_JGreatswordCharacter.cpp","8800b3a89f8729c120940ddae2f3930ae7c1ef98248eb88d09678e96f08bc384","True","8800b3a89f8729c120940ddae2f3930ae7c1ef98248eb88d09678e96f08bc384","True","False","False","Prior detailed audit reused after SHA-256 equality check; no claim of new full-file read"
"Source/Project_JCharacter/Private/Project_JLocomotionAnimStateComponent.cpp","d0c4e984a8fdfd11b697f7438da3a7d7149af2c857f686e625ac1f84ab095768","True","d0c4e984a8fdfd11b697f7438da3a7d7149af2c857f686e625ac1f84ab095768","True","True","False","Current targeted lifecycle/call-chain/runtime-policy review; relevant bodies and interfaces, not a new full-line read of every file"
"Source/Project_JCharacter/Private/Project_JLocomotionAnimStateComponentAir.cpp","4fde6957770065c394fa1de4a0cf671ad0c7d3648ca52a4873336d6bf644cb41","True","4fde6957770065c394fa1de4a0cf671ad0c7d3648ca52a4873336d6bf644cb41","True","True","False","Current targeted lifecycle/call-chain/runtime-policy review; relevant bodies and interfaces, not a new full-line read of every file"
"Source/Project_JCharacter/Private/Project_JLocomotionAnimStateComponentBase.cpp","a77b7f8f0ecac5231cce8282a88657716b5f8b14f50451546a05efe8fc5e543a","True","a77b7f8f0ecac5231cce8282a88657716b5f8b14f50451546a05efe8fc5e543a","True","True","False","Current targeted lifecycle/call-chain/runtime-policy review; relevant bodies and interfaces, not a new full-line read of every file"
"Source/Project_JCharacter/Private/Project_JLocomotionAnimStateComponentGround.cpp","4204593f8e38ac52fbb4ab9ffdb80b4d24d9c66981d73d716780c4b98c817fdd","True","4204593f8e38ac52fbb4ab9ffdb80b4d24d9c66981d73d716780c4b98c817fdd","True","True","False","Current targeted lifecycle/call-chain/runtime-policy review; relevant bodies and interfaces, not a new full-line read of every file"
"Source/Project_JCharacter/Private/Project_JLocomotionAnimStateComponentInput.cpp","c17987e4ec647adcd5eb70dce15ca1eab965fb9f382d0e6e4002909cab3ba543","True","c17987e4ec647adcd5eb70dce15ca1eab965fb9f382d0e6e4002909cab3ba543","True","True","False","Current targeted lifecycle/call-chain/runtime-policy review; relevant bodies and interfaces, not a new full-line read of every file"
"Source/Project_JCharacter/Private/Project_JLocomotionAnimStateComponentSupport.cpp","9a00fb4b68788dcffe20a2fe9701abe552d1df2e7af70ec9701d289449b4130e","True","9a00fb4b68788dcffe20a2fe9701abe552d1df2e7af70ec9701d289449b4130e","True","True","False","Current targeted lifecycle/call-chain/runtime-policy review; relevant bodies and interfaces, not a new full-line read of every file"
"Source/Project_JCharacter/Private/Project_JLocomotionAnimStateComponentTransitions.cpp","9fa273d8d2751ca5836ac168fcd53deee542f89afcf4ce65acefe1e5136980b7","True","9fa273d8d2751ca5836ac168fcd53deee542f89afcf4ce65acefe1e5136980b7","True","True","False","Current targeted lifecycle/call-chain/runtime-policy review; relevant bodies and interfaces, not a new full-line read of every file"
"Source/Project_JCharacter/Private/Project_JLocomotionDebugUtils.h","0b14ddbc425ae842c558aae2de80140242c2a346292e14839c973c00b19f3fec","True","0b14ddbc425ae842c558aae2de80140242c2a346292e14839c973c00b19f3fec","True","False","False","Prior detailed audit reused after SHA-256 equality check; no claim of new full-file read"
"Source/Project_JCharacter/Private/Project_JPlayerCharacter.cpp","4db93e93b0aaad5c9db6f9a1c6c61fea5c25533749af74a635b21fd9a7814565","True","86a96d2c60762dc4231b66db625bc5fded39332d08bb34618d53251cce725323","False","True","True","Current targeted lifecycle/call-chain/runtime-policy review; relevant bodies and interfaces, not a new full-line read of every file"
"Source/Project_JCharacter/Private/Project_JPlayerCharacter.Movement.cpp","3b3ead8135e8efa0267f5c5ee7e729c0908d793aa808651b2b32f7b68533bccc","True","3b3ead8135e8efa0267f5c5ee7e729c0908d793aa808651b2b32f7b68533bccc","True","True","False","Current targeted lifecycle/call-chain/runtime-policy review; relevant bodies and interfaces, not a new full-line read of every file"
"Source/Project_JCharacter/Private/Tests/Project_JAnimationContractAudit.cpp","422d46e41ac85c5dd124d60bc4a6c7603fb1fd9e1be395cc2111d350022c2564","False","","False","True","False","Current targeted lifecycle/call-chain/runtime-policy review; relevant bodies and interfaces, not a new full-line read of every file"
"Source/Project_JCharacter/Private/Tests/Project_JCharacterRuntimeTests.cpp","3855d2aa83101a3eb6136be434c7f4da17a78fa305b0650ce5b3c901fe79d726","False","","False","True","False","Current targeted lifecycle/call-chain/runtime-policy review; relevant bodies and interfaces, not a new full-line read of every file"
"Source/Project_JCharacter/Private/Tests/Project_JInternalRefinementTests.cpp","b93f2c115ece1aae1763938c3ce1a3addca167357c444eea60c0f64d32099433","False","","False","True","False","Current targeted lifecycle/call-chain/runtime-policy review; relevant bodies and interfaces, not a new full-line read of every file"
"Source/Project_JCharacter/Private/Tests/Project_JRetargetAndSSRFollowupTests.cpp","4ad63d34fb05724092faa6ef004effd33accf3d09609151aea73ad7d7f636c41","False","","False","True","False","Current targeted lifecycle/call-chain/runtime-policy review; relevant bodies and interfaces, not a new full-line read of every file"
"Source/Project_JCharacter/Private/UI/Project_JCharacterUIBindingComponent.cpp","367262ce564b122347d9af67bd97aafc4916bc7c0fe7c19a08eeeb20a6efa216","True","367262ce564b122347d9af67bd97aafc4916bc7c0fe7c19a08eeeb20a6efa216","True","True","False","Current targeted lifecycle/call-chain/runtime-policy review; relevant bodies and interfaces, not a new full-line read of every file"
"Source/Project_JCharacter/Public/AbilitySystem/Project_JAbilitySet.h","a5270d7560f33848758cf9944df0b75358067b7ac4ee57b95bf12b6fac9a6980","True","a5270d7560f33848758cf9944df0b75358067b7ac4ee57b95bf12b6fac9a6980","True","False","False","Prior detailed audit reused after SHA-256 equality check; no claim of new full-file read"
"Source/Project_JCharacter/Public/Animation/Project_JAnimationProfileValidation.h","1c207c47fcc1ddd0e68b5f0705101815207f3294731bccf99dc481f69bdf5fcb","True","1c207c47fcc1ddd0e68b5f0705101815207f3294731bccf99dc481f69bdf5fcb","True","False","False","Prior detailed audit reused after SHA-256 equality check; no claim of new full-file read"
"Source/Project_JCharacter/Public/Animation/Project_JAnimationUpdateSchedule.h","6be5f87d732921d399e36405fb3ca603542cfa374a1c28e5d8a7e1a781589dea","False","","False","True","False","Current targeted lifecycle/call-chain/runtime-policy review; relevant bodies and interfaces, not a new full-line read of every file"
"Source/Project_JCharacter/Public/Animation/Project_JBudgetedSkeletalMeshComponent.h","297b9d52c2bc38df053c4feacc36f85cec36f8fe1d77252f100dc99910038fb5","True","297b9d52c2bc38df053c4feacc36f85cec36f8fe1d77252f100dc99910038fb5","True","False","False","Prior detailed audit reused after SHA-256 equality check; no claim of new full-file read"
"Source/Project_JCharacter/Public/Animation/Project_JCharacterAnimInstance.h","bd9f99fbd0e1339b09d6dac1bf11665a2d33c53c1dc923d995eab8f563080a0c","True","bd9f99fbd0e1339b09d6dac1bf11665a2d33c53c1dc923d995eab8f563080a0c","True","False","False","Prior detailed audit reused after SHA-256 equality check; no claim of new full-file read"
"Source/Project_JCharacter/Public/Animation/Project_JCharacterAnimInstanceBase.h","b3ab76989fb193b8a34dff39892ff72e2851543a490079b416ff84b08b5fc51b","True","b3ab76989fb193b8a34dff39892ff72e2851543a490079b416ff84b08b5fc51b","True","True","False","Current targeted lifecycle/call-chain/runtime-policy review; relevant bodies and interfaces, not a new full-line read of every file"
"Source/Project_JCharacter/Public/Animation/Project_JCharacterAnimProfile.h","0010a586d330f2bbc7d1d3e695cf4612914b48b9fe0e75e13edc84c215305856","True","0010a586d330f2bbc7d1d3e695cf4612914b48b9fe0e75e13edc84c215305856","True","False","False","Prior detailed audit reused after SHA-256 equality check; no claim of new full-file read"
"Source/Project_JCharacter/Public/Animation/Project_JCombatAnimProfile.h","e1b7c9928551c2c0123c3e0141805a436d70623f50b1f1110a590a3e638f5298","True","e1b7c9928551c2c0123c3e0141805a436d70623f50b1f1110a590a3e638f5298","True","False","False","Prior detailed audit reused after SHA-256 equality check; no claim of new full-file read"
"Source/Project_JCharacter/Public/Animation/Project_JHandGripProfile.h","c40f3ecd60fa83b387e82d9a63c058a08231141dd212c5a990b7d7e4ea91218f","True","c40f3ecd60fa83b387e82d9a63c058a08231141dd212c5a990b7d7e4ea91218f","True","False","False","Prior detailed audit reused after SHA-256 equality check; no claim of new full-file read"
"Source/Project_JCharacter/Public/Animation/Project_JLocomotionContextBuilder.h","e07cf9f486838969092c140cf11731fee15696e94040b2e20bbce1e3879282ff","True","e07cf9f486838969092c140cf11731fee15696e94040b2e20bbce1e3879282ff","True","True","False","Current targeted lifecycle/call-chain/runtime-policy review; relevant bodies and interfaces, not a new full-line read of every file"
"Source/Project_JCharacter/Public/Animation/Project_JLocomotionProfile.h","85da59882678920ccd2d40b6d2fc012c0df3562ad041a0fbdbd3a858bbe99efa","True","85da59882678920ccd2d40b6d2fc012c0df3562ad041a0fbdbd3a858bbe99efa","True","False","False","Prior detailed audit reused after SHA-256 equality check; no claim of new full-file read"
"Source/Project_JCharacter/Public/Animation/Project_JMotionMatchingAssetSet.h","816fa759d1a53e4793ff4b612665f6aeea5faf03c56523cffb81e4a72728f2fc","True","816fa759d1a53e4793ff4b612665f6aeea5faf03c56523cffb81e4a72728f2fc","True","False","False","Prior detailed audit reused after SHA-256 equality check; no claim of new full-file read"
"Source/Project_JCharacter/Public/Animation/Project_JMotionMatchingRuntime.h","40987418a4b04cc025610a030b98246496fd30a76016ac43f7e63c4420ea9112","True","40987418a4b04cc025610a030b98246496fd30a76016ac43f7e63c4420ea9112","True","True","False","Current targeted lifecycle/call-chain/runtime-policy review; relevant bodies and interfaces, not a new full-line read of every file"
"Source/Project_JCharacter/Public/Animation/Project_JMotionMatchingSelectionPolicy.h","e9784c76b1e59f0303e08ec0e147c5ee42d28e08ef96bf3232c1727c8c207d89","True","e9784c76b1e59f0303e08ec0e147c5ee42d28e08ef96bf3232c1727c8c207d89","True","True","False","Current targeted lifecycle/call-chain/runtime-policy review; relevant bodies and interfaces, not a new full-line read of every file"
"Source/Project_JCharacter/Public/Animation/Project_JMotionMatchingTrajectoryComponent.h","7038fdc990ba7a7fa38b45b05586dd20c638a057dcd86b18dcac52c594d876f3","True","7038fdc990ba7a7fa38b45b05586dd20c638a057dcd86b18dcac52c594d876f3","True","True","False","Current targeted lifecycle/call-chain/runtime-policy review; relevant bodies and interfaces, not a new full-line read of every file"
"Source/Project_JCharacter/Public/Animation/Project_JRemoteLocomotionRuntime.h","89d0fc0df6a65d0cd611fcbccee861221ec259bec12a614edb3549c8899833c1","True","89d0fc0df6a65d0cd611fcbccee861221ec259bec12a614edb3549c8899833c1","True","True","False","Current targeted lifecycle/call-chain/runtime-policy review; relevant bodies and interfaces, not a new full-line read of every file"
"Source/Project_JCharacter/Public/Animation/Project_JReplicatedAnimEventTypes.h","d9fc44e08bf568e53b0b7958d8ebef346cf127c50b1024324bfbc71e0a5cc999","True","d9fc44e08bf568e53b0b7958d8ebef346cf127c50b1024324bfbc71e0a5cc999","True","False","False","Prior detailed audit reused after SHA-256 equality check; no claim of new full-file read"
"Source/Project_JCharacter/Public/Animation/Project_JReplicatedJumpState.h","e3a13233550a67f265f10e48ad0918461893b0c26409f7ce3ca6f90b6a89fc85","True","e3a13233550a67f265f10e48ad0918461893b0c26409f7ce3ca6f90b6a89fc85","True","False","False","Prior detailed audit reused after SHA-256 equality check; no claim of new full-file read"
"Source/Project_JCharacter/Public/Animation/Project_JStateControllerRuntime.h","573244d2f132c976456cdc75e32dc1f9ae30745e8ae71182ccd07d1306ceb5fd","True","573244d2f132c976456cdc75e32dc1f9ae30745e8ae71182ccd07d1306ceb5fd","True","True","False","Current targeted lifecycle/call-chain/runtime-policy review; relevant bodies and interfaces, not a new full-line read of every file"
"Source/Project_JCharacter/Public/Animation/Project_JTurnInPlacePresentationRuntime.h","f1abbef4f0f4ec541c04384eb0f0f09ded0380153c50dcd5c7f5a2bcdccb58a5","True","f1abbef4f0f4ec541c04384eb0f0f09ded0380153c50dcd5c7f5a2bcdccb58a5","True","False","False","Prior detailed audit reused after SHA-256 equality check; no claim of new full-file read"
"Source/Project_JCharacter/Public/Animation/Project_JWeaponAnimProfile.h","059016e86757bc6302382ad4e5c2febc2a0958f4f621f5d25b32f35616e95821","True","059016e86757bc6302382ad4e5c2febc2a0958f4f621f5d25b32f35616e95821","True","False","False","Prior detailed audit reused after SHA-256 equality check; no claim of new full-file read"
"Source/Project_JCharacter/Public/Camera/Project_JCameraComponent.h","2bf9db371a942ffc553bda89224dba92758c87bfa51064797b357eb34190db68","True","2bf9db371a942ffc553bda89224dba92758c87bfa51064797b357eb34190db68","True","False","False","Prior detailed audit reused after SHA-256 equality check; no claim of new full-file read"
"Source/Project_JCharacter/Public/CharacterClass/Project_JCharacterClassDefinition.h","7a26ba7d25f3c2aa665881600bb88cedd6af675e61a31608fd4270bd5ed8b741","True","83f0f5d4e06888aaf6d9d96b0e5a7007c5d55e5b7bbcbfee3505dedd9b2a4ce1","False","False","True","Recent R01-R14 implementation contract/diff evidence reused after source hash match"
"Source/Project_JCharacter/Public/CharacterClass/Project_JCharacterDataSubsystem.h","6ec42639b36faae9b91dfda60bcd7b380a97abcfe143c48c47cb86b7ad6b2ea7","True","6ec42639b36faae9b91dfda60bcd7b380a97abcfe143c48c47cb86b7ad6b2ea7","True","False","False","Prior detailed audit reused after SHA-256 equality check; no claim of new full-file read"
"Source/Project_JCharacter/Public/CharacterClass/Project_JProgressionComponent.h","a73e9d0115e902e4342f5c0c9e13e852874f1f36b895c0f580e2b0317d21a33f","True","a73e9d0115e902e4342f5c0c9e13e852874f1f36b895c0f580e2b0317d21a33f","True","False","False","Prior detailed audit reused after SHA-256 equality check; no claim of new full-file read"
"Source/Project_JCharacter/Public/Combat/Project_JAttackDefinition.h","7d0cc26367ecd0186bf8cb06416f8fc08af83a8b3446fc446e8346c28856cc0a","True","7d0cc26367ecd0186bf8cb06416f8fc08af83a8b3446fc446e8346c28856cc0a","True","False","False","Prior detailed audit reused after SHA-256 equality check; no claim of new full-file read"
"Source/Project_JCharacter/Public/Combat/Project_JCombatCommandSet.h","971dbca4b69400c80ec6f66c298595fd97933f4090f57b1e813f25a63cf014e3","True","971dbca4b69400c80ec6f66c298595fd97933f4090f57b1e813f25a63cf014e3","True","False","False","Prior detailed audit reused after SHA-256 equality check; no claim of new full-file read"
"Source/Project_JCharacter/Public/Combat/Project_JCombatConfiguration.h","ba55d0e32a71f46c68dd6f273e92ce0b79745528c6dd2cfbf7489aeadf97e000","True","ba55d0e32a71f46c68dd6f273e92ce0b79745528c6dd2cfbf7489aeadf97e000","True","False","False","Prior detailed audit reused after SHA-256 equality check; no claim of new full-file read"
"Source/Project_JCharacter/Public/Combat/Project_JCombatHitValidation.h","4548e238c60241455b3191b0a3cc54c7d8a643cdca5603e6cede4efbf9d5f81f","True","4548e238c60241455b3191b0a3cc54c7d8a643cdca5603e6cede4efbf9d5f81f","True","False","False","Prior detailed audit reused after SHA-256 equality check; no claim of new full-file read"
"Source/Project_JCharacter/Public/Combat/Project_JCombatMovementPolicy.h","0c8f65a233fff57585af109714b382de087ae840a99721dbd477bbc34dc88d0b","True","0c8f65a233fff57585af109714b382de087ae840a99721dbd477bbc34dc88d0b","True","False","False","Prior detailed audit reused after SHA-256 equality check; no claim of new full-file read"
"Source/Project_JCharacter/Public/Combat/Project_JCombatPresentationSet.h","b897624cfb58f3e7099584178d14f998a13214c0947b30aa165789aed3ef69cd","True","b897624cfb58f3e7099584178d14f998a13214c0947b30aa165789aed3ef69cd","True","False","False","Prior detailed audit reused after SHA-256 equality check; no claim of new full-file read"
"Source/Project_JCharacter/Public/Combat/Project_JCombatStyleDefinition.h","8890419ac0bfae630e72edf5c0dc9622acd9768561e85d0f5183d88366fc694c","True","8890419ac0bfae630e72edf5c0dc9622acd9768561e85d0f5183d88366fc694c","True","False","False","Prior detailed audit reused after SHA-256 equality check; no claim of new full-file read"
"Source/Project_JCharacter/Public/Combat/Project_JCombatTypes.h","6ece1e9d0caba68c3816317196fb72cd1ad112d3e1a892132480c1dff83b1849","True","6ece1e9d0caba68c3816317196fb72cd1ad112d3e1a892132480c1dff83b1849","True","False","False","Prior detailed audit reused after SHA-256 equality check; no claim of new full-file read"
"Source/Project_JCharacter/Public/Combat/Project_JComboDefinition.h","420e99769a7d079fa8516c4ed5445630fb6a4290d2aeb6ffd79e5824f1ca1576","True","420e99769a7d079fa8516c4ed5445630fb6a4290d2aeb6ffd79e5824f1ca1576","True","False","False","Prior detailed audit reused after SHA-256 equality check; no claim of new full-file read"
"Source/Project_JCharacter/Public/Combat/Project_JGameplayAbility_Melee.h","5d3f32e3ac6584667dc511a4ef8f5140e101c84bb1801b9e86e349a7dc342a33","True","5d3f32e3ac6584667dc511a4ef8f5140e101c84bb1801b9e86e349a7dc342a33","True","False","False","Prior detailed audit reused after SHA-256 equality check; no claim of new full-file read"
"Source/Project_JCharacter/Public/Combat/Project_JGameplayEffect_CombatMode.h","8c42549e6dabc42c258e9c7fb6683b94406fa920e64755f4ccafc28bb60c04f4","True","8c42549e6dabc42c258e9c7fb6683b94406fa920e64755f4ccafc28bb60c04f4","True","False","False","Prior detailed audit reused after SHA-256 equality check; no claim of new full-file read"
"Source/Project_JCharacter/Public/Combat/Project_JServerSideRewindComponent.h","9bc7a48d2b9131a6ec7f5dd418cfb142442d5c030d8343c83dc3448fe440f1f6","True","9bc7a48d2b9131a6ec7f5dd418cfb142442d5c030d8343c83dc3448fe440f1f6","True","False","False","Prior detailed audit reused after SHA-256 equality check; no claim of new full-file read"
"Source/Project_JCharacter/Public/Components/Project_JAnimationUpdateCoordinatorComponent.h","02d713f3735e41ae144f90e459395139030e34b0a0797a94300f6a977f35dc0c","True","02d713f3735e41ae144f90e459395139030e34b0a0797a94300f6a977f35dc0c","True","False","False","Prior detailed audit reused after SHA-256 equality check; no claim of new full-file read"
"Source/Project_JCharacter/Public/Components/Project_JCombatAnimationLayerComponent.h","8e5743889245b1eb1bf6781c914f51532e719d0cb79531c7a356576e9bfb5837","True","8e5743889245b1eb1bf6781c914f51532e719d0cb79531c7a356576e9bfb5837","True","False","False","Prior detailed audit reused after SHA-256 equality check; no claim of new full-file read"
"Source/Project_JCharacter/Public/Components/Project_JCombatHitValidationComponent.h","2125b3725b16d5bc359ab62c408214ec8b89437c04488ef638bc4d0fec778706","True","9bcb22e4fc308c566d006720fa8e2a4082da026b18055707107842abc4f1f2a9","False","False","True","Recent R01-R14 implementation contract/diff evidence reused after source hash match"
"Source/Project_JCharacter/Public/Components/Project_JCombatIntroComponent.h","ff9463ac421f8bb033a88dc8c6045d00edee8c341ce802507d68c1943cedafeb","True","ff9463ac421f8bb033a88dc8c6045d00edee8c341ce802507d68c1943cedafeb","True","False","False","Prior detailed audit reused after SHA-256 equality check; no claim of new full-file read"
"Source/Project_JCharacter/Public/Components/Project_JCombatPresentationComponent.h","fd0e476138d8ddbb8a1a90ded9367808a5ad6e148e44995a59fe3b123451c251","True","fd0e476138d8ddbb8a1a90ded9367808a5ad6e148e44995a59fe3b123451c251","True","False","False","Prior detailed audit reused after SHA-256 equality check; no claim of new full-file read"
"Source/Project_JCharacter/Public/Components/Project_JCombatStateComponent.h","1559b2d3a11b2688ea30f5a07e46e7e78651af3d20a1113e886578d3db11473b","True","1559b2d3a11b2688ea30f5a07e46e7e78651af3d20a1113e886578d3db11473b","True","False","False","Prior detailed audit reused after SHA-256 equality check; no claim of new full-file read"
"Source/Project_JCharacter/Public/Components/Project_JEquipmentManagerComponent.h","c54e31dc8b3b2b6e3dda159915724a09bc41d7989336de6115c3a8f290c45e42","True","c54e31dc8b3b2b6e3dda159915724a09bc41d7989336de6115c3a8f290c45e42","True","False","False","Prior detailed audit reused after SHA-256 equality check; no claim of new full-file read"
"Source/Project_JCharacter/Public/Components/Project_JEquipmentRuntimeComponent.h","af9b66744102e65d938595360fbc9f78dabef2c8b90d09dc210f21ab70cf8985","True","af9b66744102e65d938595360fbc9f78dabef2c8b90d09dc210f21ab70cf8985","True","True","False","Current targeted lifecycle/call-chain/runtime-policy review; relevant bodies and interfaces, not a new full-line read of every file"
"Source/Project_JCharacter/Public/Components/Project_JInventoryComponent.h","2f87bfb9b52c0177ddc2b98f258052c388cbe7f167df6df60ef59dc05d587229","True","2f87bfb9b52c0177ddc2b98f258052c388cbe7f167df6df60ef59dc05d587229","True","False","False","Prior detailed audit reused after SHA-256 equality check; no claim of new full-file read"
"Source/Project_JCharacter/Public/Components/Project_JModularMeshComponent.h","c1108028f33b9d42ddfcf046b14088857d1c22e9fcb4c06d2fb695bb41ee8e49","True","c1108028f33b9d42ddfcf046b14088857d1c22e9fcb4c06d2fb695bb41ee8e49","True","False","False","Prior detailed audit reused after SHA-256 equality check; no claim of new full-file read"
"Source/Project_JCharacter/Public/Components/Project_JMountedAnimationLayerComponent.h","486091fcfa8c8791b40ffd48413d792e300cce0c7a802dba58ac6cca54b7ee8f","True","486091fcfa8c8791b40ffd48413d792e300cce0c7a802dba58ac6cca54b7ee8f","True","False","False","Prior detailed audit reused after SHA-256 equality check; no claim of new full-file read"
"Source/Project_JCharacter/Public/Components/Project_JPlayerInputBindingComponent.h","26d34c77dddb5135565c166f507bb1e5f802a8ee807aa088cb57f087eec57141","True","26d34c77dddb5135565c166f507bb1e5f802a8ee807aa088cb57f087eec57141","True","False","False","Prior detailed audit reused after SHA-256 equality check; no claim of new full-file read"
"Source/Project_JCharacter/Public/Components/Project_JReplicatedAnimEventComponent.h","a9adc1948c79d02b396df92c80c14e9bdca07ab84777c97f5b9c00a1f416fda1","True","a9adc1948c79d02b396df92c80c14e9bdca07ab84777c97f5b9c00a1f416fda1","True","False","False","Prior detailed audit reused after SHA-256 equality check; no claim of new full-file read"
"Source/Project_JCharacter/Public/Components/Project_JReplicatedJumpStateComponent.h","4c875a4d9a5508682279c92e700291d48168de41e1cfde19004e33b2728988d8","True","4c875a4d9a5508682279c92e700291d48168de41e1cfde19004e33b2728988d8","True","False","False","Prior detailed audit reused after SHA-256 equality check; no claim of new full-file read"
"Source/Project_JCharacter/Public/Components/Project_JSkillInputExecutionComponent.h","4d48c8beedf1273825b6e0b46c72994ceb6f48a9fb64db871c75734b14bcc4af","True","4d48c8beedf1273825b6e0b46c72994ceb6f48a9fb64db871c75734b14bcc4af","True","False","False","Prior detailed audit reused after SHA-256 equality check; no claim of new full-file read"
"Source/Project_JCharacter/Public/Components/Project_JSkillInputRouterComponent.h","ff3e06005dd10d4ebdf671739f2d0d7df175557d608e66b728a29aee62b5c6c8","True","ff3e06005dd10d4ebdf671739f2d0d7df175557d608e66b728a29aee62b5c6c8","True","False","False","Prior detailed audit reused after SHA-256 equality check; no claim of new full-file read"
"Source/Project_JCharacter/Public/Components/Project_JWeaponPresentationComponent.h","83159848faeefdc1c85df453279eefdfc20e67a044c7e0ea1e8bd01b1eb0c925","True","35811d344a6e8c557901037b782d38f713a34f77699fc5570d9036550ab618d0","False","False","True","Recent R01-R14 implementation contract/diff evidence reused after source hash match"
"Source/Project_JCharacter/Public/Equipment/Project_JEquipmentItemDefinition.h","2cb4a8ba4c21b8bcc6a3ffd4258ed30249caf92c0f0235ddbc435ab6410c1b9b","True","2cb4a8ba4c21b8bcc6a3ffd4258ed30249caf92c0f0235ddbc435ab6410c1b9b","True","False","False","Prior detailed audit reused after SHA-256 equality check; no claim of new full-file read"
"Source/Project_JCharacter/Public/Equipment/Project_JEquipmentTypes.h","d2c36bcdf203c6a268f50db7c6fcaf4f7ea98a887a6d6b5d85abc7189faaf239","True","d2c36bcdf203c6a268f50db7c6fcaf4f7ea98a887a6d6b5d85abc7189faaf239","True","False","False","Prior detailed audit reused after SHA-256 equality check; no claim of new full-file read"
"Source/Project_JCharacter/Public/Equipment/Project_JWeaponMotionTypes.h","35615eeaca50b57e4bb85342f038424094862eb5f211e5ff31ad1ae362487936","True","35615eeaca50b57e4bb85342f038424094862eb5f211e5ff31ad1ae362487936","True","False","False","Prior detailed audit reused after SHA-256 equality check; no claim of new full-file read"
"Source/Project_JCharacter/Public/Equipment/Project_JWeaponPresentationProfile.h","5e9386090fc7de7a530a0d445863cf835267e6cbf54c4210b32cb237f6cfae65","True","5e9386090fc7de7a530a0d445863cf835267e6cbf54c4210b32cb237f6cfae65","True","False","False","Prior detailed audit reused after SHA-256 equality check; no claim of new full-file read"
"Source/Project_JCharacter/Public/Inventory/Project_JItemDefinition.h","3fc8697812ef8688a809aca98232794f406547fc53c27ad67224c0f299f268e8","True","3fc8697812ef8688a809aca98232794f406547fc53c27ad67224c0f299f268e8","True","False","False","Prior detailed audit reused after SHA-256 equality check; no claim of new full-file read"
"Source/Project_JCharacter/Public/Inventory/Project_JItemInstanceTypes.h","f423a5aca44214cd1970c1a35e8ec444d41a3cd8d9524947d2e31cbf81e22e27","True","f423a5aca44214cd1970c1a35e8ec444d41a3cd8d9524947d2e31cbf81e22e27","True","False","False","Prior detailed audit reused after SHA-256 equality check; no claim of new full-file read"
"Source/Project_JCharacter/Public/Mount/Project_JMountItemDefinition.h","1e1d25e8bd834adcdf30715b47db248893d1efa02e4c483e531d6c381b361a61","True","1e1d25e8bd834adcdf30715b47db248893d1efa02e4c483e531d6c381b361a61","True","False","False","Prior detailed audit reused after SHA-256 equality check; no claim of new full-file read"
"Source/Project_JCharacter/Public/Project_JBaseCharacter.h","2773828c36584f104ed241232d9e2c505b4149987ab6aa262da00b52e86ee360","True","2773828c36584f104ed241232d9e2c505b4149987ab6aa262da00b52e86ee360","True","False","False","Prior detailed audit reused after SHA-256 equality check; no claim of new full-file read"
"Source/Project_JCharacter/Public/Project_JDefaultAttributeSetData.h","5c24b4e5069d539bb7dade9c4772d3cdc4dd3986f3c9df97e4dbffeab9184417","True","5c24b4e5069d539bb7dade9c4772d3cdc4dd3986f3c9df97e4dbffeab9184417","True","False","False","Prior detailed audit reused after SHA-256 equality check; no claim of new full-file read"
"Source/Project_JCharacter/Public/Project_JGreatswordCharacter.h","028654f9f86f1bafe96d0b57f603626cd01192ab4df4c5fbb1863a5c3c15af67","True","028654f9f86f1bafe96d0b57f603626cd01192ab4df4c5fbb1863a5c3c15af67","True","False","False","Prior detailed audit reused after SHA-256 equality check; no claim of new full-file read"
"Source/Project_JCharacter/Public/Project_JLocomotionAnimStateComponent.h","5ac164765a0a3e3ff60c505c172ec891b5fe8d3092bcfb8e27c7aa14f04a9976","True","5ac164765a0a3e3ff60c505c172ec891b5fe8d3092bcfb8e27c7aa14f04a9976","True","False","False","Prior detailed audit reused after SHA-256 equality check; no claim of new full-file read"
"Source/Project_JCharacter/Public/Project_JLocomotionAnimStateComponentBase.h","0fa4ed9c9e5ff0cdcc9b83060d1bfb4173b411cc512dd0e9a683d939908af743","True","0fa4ed9c9e5ff0cdcc9b83060d1bfb4173b411cc512dd0e9a683d939908af743","True","False","False","Prior detailed audit reused after SHA-256 equality check; no claim of new full-file read"
"Source/Project_JCharacter/Public/Project_JLocomotionAnimTypes.h","8f2f8eff1151944d26f47ca7e2f1db5fbbca66bad5c810780eed1210a83a1b9f","True","8f2f8eff1151944d26f47ca7e2f1db5fbbca66bad5c810780eed1210a83a1b9f","True","False","False","Prior detailed audit reused after SHA-256 equality check; no claim of new full-file read"
"Source/Project_JCharacter/Public/Project_JPlayerCharacter.h","6e9562a9a0214a97a55d6f67b773b9e18fb9d7d24cbb08acf8ba5dfc66c4460d","True","55b147768d6d83755b4be31e990545a026779aa6b27552a004449becd2ef5c36","False","False","True","Recent R01-R14 implementation contract/diff evidence reused after source hash match"
"Source/Project_JCharacter/Public/UI/Project_JCharacterUIBindingComponent.h","45b4265f88f0de254edc798e82855da32806c412143dff3f2731288eecceecfa","True","45b4265f88f0de254edc798e82855da32806c412143dff3f2731288eecceecfa","True","False","False","Prior detailed audit reused after SHA-256 equality check; no claim of new full-file read"
"Source/Project_JGAS/Private/Project_JAbilitySystemComponent.cpp","8efa3b8a131ead5431b5d70c54a950e732d35074578d6423ed08986737d002f7","True","8efa3b8a131ead5431b5d70c54a950e732d35074578d6423ed08986737d002f7","True","True","False","Current targeted lifecycle/call-chain/runtime-policy review; relevant bodies and interfaces, not a new full-line read of every file"
"Source/Project_JGAS/Public/Project_JAbilitySystemComponent.h","8601626daedfec167a28a742187aa1690f39394a5ee25c526f1e8cdce5047bad","True","8601626daedfec167a28a742187aa1690f39394a5ee25c526f1e8cdce5047bad","True","False","False","Prior detailed audit reused after SHA-256 equality check; no claim of new full-file read"
"Source/Project_JGAS/Public/Project_JAbilitySystemOwnerInterface.h","3e4c18aaf5fc4c2578b284dcca8197e0e2bc6ca003300cbd19f063cc2c98a040","True","3e4c18aaf5fc4c2578b284dcca8197e0e2bc6ca003300cbd19f063cc2c98a040","True","False","False","Prior detailed audit reused after SHA-256 equality check; no claim of new full-file read"
"Source/Project_JMount/Private/Animation/Project_JRiderAnimationProfile.cpp","a893c365796e3847b85163e7bf29f9d0e133a7cc245503af5f330173c4a5e8be","True","a893c365796e3847b85163e7bf29f9d0e133a7cc245503af5f330173c4a5e8be","True","False","False","Prior detailed audit reused after SHA-256 equality check; no claim of new full-file read"
"Source/Project_JMount/Private/Mount/Project_JMountCharacter.cpp","174ea8b73d241e5bc2aeb51620e8e9ae186440613d86867113af07f9c3467476","True","174ea8b73d241e5bc2aeb51620e8e9ae186440613d86867113af07f9c3467476","True","True","False","Current targeted lifecycle/call-chain/runtime-policy review; relevant bodies and interfaces, not a new full-line read of every file"
"Source/Project_JMount/Private/Mount/Project_JMountComponent.cpp","a961eebd6f8da70b1c63211feccd00a786102b6b41459158e3d70b7df96c5480","True","a961eebd6f8da70b1c63211feccd00a786102b6b41459158e3d70b7df96c5480","True","True","False","Current targeted lifecycle/call-chain/runtime-policy review; relevant bodies and interfaces, not a new full-line read of every file"
"Source/Project_JMount/Public/Animation/Project_JRiderAnimationProfile.h","1a402cde46ac3f094cfc8fa9e033b188743379587dc858ba0c24510aa1f135e5","True","1a402cde46ac3f094cfc8fa9e033b188743379587dc858ba0c24510aa1f135e5","True","False","False","Prior detailed audit reused after SHA-256 equality check; no claim of new full-file read"
"Source/Project_JMount/Public/Mount/Project_JMountCharacter.h","74549ec5d47a143b3883ff36ffa3911d1a5d45535023ccc3e7898ed77ebe0410","True","74549ec5d47a143b3883ff36ffa3911d1a5d45535023ccc3e7898ed77ebe0410","True","False","False","Prior detailed audit reused after SHA-256 equality check; no claim of new full-file read"
"Source/Project_JMount/Public/Mount/Project_JMountComponent.h","58a4cd1e1bd96caca7b2b22545bf065ee2b28c0a8382daf7469125d00eff50f6","True","58a4cd1e1bd96caca7b2b22545bf065ee2b28c0a8382daf7469125d00eff50f6","True","False","False","Prior detailed audit reused after SHA-256 equality check; no claim of new full-file read"
